date,generatedCoins,paymentCount,marketcap(USD),price(USD),marketcap(EUR),price(EUR)
2017-10-03,2287.5,440833.0,73181331456.0,4408.46,63667758366.72,3835.3602
2017-10-04,1675.0,366423.0,71712522240.0,4319.37,62389894348.8,3757.8518999999997
2017-10-05,1562.5,401676.0,70233686016.0,4229.88,61103306833.92,3679.9956
2017-10-06,1987.5,457187.0,71810605056.0,4324.46,62475226398.72,3762.2802
2017-10-07,1975.0,376557.0,72565055488.0,4369.35,63131598274.56,3801.3345000000004
2017-10-08,2275.0,370758.0,73575424000.0,4429.67,64010618880.0,3853.8129
2017-10-09,2012.5,429684.0,76656467968.0,4614.52,66691127132.159996,4014.6324000000004
2017-10-10,2000.0,462138.0,79351848960.0,4776.21,69036108595.2,4155.3027
2017-10-11,1737.5,453823.0,79578218496.0,4789.25,69233050091.52,4166.6475
2017-10-12,1912.5,426771.0,80256729088.0,4829.58,69823354306.56,4201.7346
2017-10-13,1700.0,501228.0,90812375040.0,5464.16,79006766284.8,4753.8192
2017-10-14,1762.5,448376.0,93803028480.0,5643.53,81608634777.6,4909.871099999999
2017-10-15,2437.5,426984.0,97011859456.0,5835.96,84400317726.72,5077.2852
2017-10-16,2175.0,484439.0,94558953472.0,5687.57,82266289520.64,4948.1858999999995
2017-10-17,2050.0,500846.0,95469297664.0,5741.58,83058288967.68,4995.1746
2017-10-18,1887.5,497948.0,93190160384.0,5603.82,81075439534.08,4875.323399999999
2017-10-19,2225.0,525157.0,92866969600.0,5583.74,80794263552.0,4857.8538
2017-10-20,2237.5,500763.0,94947926016.0,5708.11,82604695633.92,4966.0557
2017-10-21,1912.5,447156.0,99763249152.0,5996.79,86794026762.24,5217.2073
2017-10-22,2275.0,433885.0,100437917696.0,6036.66,87380988395.52,5251.8942
2017-10-23,2137.5,477707.0,99941629952.0,6006.0,86949218058.24,5225.22
2017-10-24,2087.5,529691.0,98781609984.0,5935.52,85940000686.08,5163.9024
2017-10-25,2312.5,464949.0,91954200576.0,5524.6,80000154501.12,4806.402
2017-10-26,2250.0,416138.0,95685124096.0,5747.95,83246057963.52,5000.7164999999995
2017-10-27,1300.0,418157.0,98225446912.0,5899.74,85456138813.44,5132.7738
2017-10-28,1062.5,327091.0,96369557504.0,5787.82,83841515028.48,5035.4034
2017-10-29,1925.0,516737.0,95819800576.0,5754.44,83363226501.12,5006.3628
2017-10-30,1837.5,496273.0,101833015296.0,6114.85,88594723307.52,5319.9195
2017-10-31,1725.0,461286.0,102130237440.0,6132.02,88853306572.8,5334.857400000001
2017-11-01,1950.0,554430.0,107286847488.0,6440.97,93339557314.56,5603.6439
2017-11-02,1875.0,510736.0,112909656064.0,6777.77,98231400775.68,5896.659900000001
2017-11-03,1487.5,516545.0,118083854336.0,7087.53,102732953272.31999,6166.1511
2017-11-04,1625.0,418542.0,119376199680.0,7164.48,103857293721.6,6233.097599999999
2017-11-05,1762.5,425979.0,123388100608.0,7404.52,107347647528.96,6441.932400000001
2017-11-06,1662.5,453874.0,123379326976.0,7403.22,107340014469.12,6440.8014
2017-11-07,1950.0,554073.0,117056233472.0,7023.1,101838923120.64,6110.097000000001
2017-11-08,1800.0,481445.0,119041392640.0,7141.38,103566011596.8,6213.0006
2017-11-09,1912.5,531408.0,124146434048.0,7446.83,108007397621.76,6478.7420999999995
2017-11-10,1500.0,463010.0,119607435264.0,7173.73,104058468679.68,6241.1451
2017-11-11,1000.0,344731.0,110361878528.0,6618.61,96014834319.36,5758.1907
2017-11-12,1000.0,355141.0,104979750912.0,6295.45,91332383293.44,5477.041499999999
2017-11-13,1750.0,529275.0,99029016576.0,5938.25,86155244421.12,5166.2775
2017-11-14,1600.0,476312.0,109433905152.0,6561.48,95207497482.24,5708.4875999999995
2017-11-15,1900.0,547969.0,110666571776.0,6634.76,96279917445.12,5772.2412
2017-11-16,1900.0,516488.0,122164264960.0,7323.24,106282910515.2,6371.2188
2017-11-17,2087.5,534530.0,131026165760.0,7853.57,113992764211.2,6832.6059
2017-11-18,1700.0,468080.0,128424927232.0,7697.21,111729686691.84,6696.5727
2017-11-19,2000.0,465574.0,129594712064.0,7766.03,112747399495.68,6756.4461
2017-11-20,2187.5,574204.0,134167306240.0,8039.07,116725556428.8,6993.9909
2017-11-21,2162.5,590709.0,136966864896.0,8205.74,119161172459.52,7138.9938
2017-11-22,1850.0,515406.0,134851436544.0,8077.95,117320749793.28,7027.8165
2017-11-23,1962.5,565864.0,137444474880.0,8232.38,119576693145.6,7162.1705999999995
2017-11-24,1862.5,544620.0,134816366592.0,8074.02,117290238935.04,7024.397400000001
2017-11-25,1950.0,521448.0,137631875072.0,8241.71,119739731312.64,7170.287699999999
2017-11-26,1912.5,537151.0,146789220352.0,8789.04,127706621706.24,7646.464800000001
2017-11-27,2125.0,625210.0,156221046784.0,9352.72,135912310702.08,8136.866399999999
2017-11-28,1950.0,605525.0,164104404992.0,9823.43,142770832343.04,8546.3841
2017-11-29,2162.49999928,669272.0,168366702592.0,10077.4,146479031255.04,8767.338
2017-11-30,2087.5,644407.0,165537480704.0,9906.79,144017608212.48,8618.9073
2017-12-01,2287.5,659212.0,170435903488.0,10198.6,148279236034.56,8872.782000000001
2017-12-02,2012.5,506753.0,183489593344.0,10978.3,159635946209.28,9551.121
2017-12-03,2200.0,554015.0,185258246144.0,11082.7,161174674145.28,9641.949
2017-12-04,2262.5,658211.0,189172383744.0,11315.4,164579973857.28,9844.398
2017-12-05,2225.0,678119.0,195389161472.0,11685.7,169988570480.63998,10166.559000000001
2017-12-06,2350.0,727780.0,199390003200.0,11923.4,173469302784.0,10373.358
2017-12-07,1900.0,633371.0,238599536640.0,14266.1,207581596876.8,12411.507
2017-12-08,1950.0,667114.0,297786572800.0,17802.9,259074318336.0,15488.523000000001
2017-12-09,2175.0,632247.0,276415348736.0,16523.3,240481353400.32,14375.270999999999
2017-12-10,2050.0,533121.0,253781737472.0,15168.4,220790111600.63998,13196.508
2017-12-11,2137.5,663293.0,258146762752.0,15427.4,224587683594.24,13421.838
2017-12-12,1950.0,662530.0,283154612224.0,16919.8,246344512634.88,14720.225999999999
2017-12-13,2325.0,709918.0,292900372480.0,17500.0,254823324057.6,15225.0
2017-12-14,2312.5,764683.0,274268504064.0,16384.6,238613598535.68,14254.601999999999
2017-12-15,2112.49999921,698713.0,277935587328.0,16601.3,241803960975.36,14443.131
2017-12-16,2137.5,601778.0,297375760384.0,17760.3,258716911534.08,15451.461
2017-12-17,2312.5,643748.0,326141280256.0,19475.8,283742913822.72,16943.946
2017-12-18,2275.0,681423.0,320000294912.0,19106.4,278400256573.44,16622.568000000003
2017-12-19,1750.0,643653.0,320242253824.0,19118.3,278610760826.88,16632.921
2017-12-20,1700.0,615360.0,297526394880.0,17760.3,258847963545.6,15451.461
2017-12-21,1650.0,632916.0,278826811392.0,16642.4,242579325911.04,14478.888
2017-12-22,1937.5,670389.0,266381426688.0,15898.0,231751841218.56,13831.26
2017-12-23,1737.5,570467.0,233747824640.0,13948.7,203360607436.8,12135.369
2017-12-24,1900.0,503880.0,244823687168.0,14608.2,212996607836.16,12709.134
2017-12-25,1687.5,457825.0,234589569024.0,13995.9,204092925050.88,12176.432999999999
2017-12-26,1775.0,467480.0,235294408704.0,14036.6,204706135572.48,12211.842
2017-12-27,1950.0,568578.0,270976270336.0,16163.5,235749355192.32,14062.245
2017-12-28,1862.5,566517.0,265988489216.0,15864.1,231409985617.92,13801.767
2017-12-29,2062.5,644851.0,246427598848.0,14695.8,214392010997.76,12785.346
2017-12-30,1825.0,601269.0,246223912960.0,14681.9,214214804275.2,12773.252999999999
2017-12-31,2037.5,515996.0,216325586944.0,12897.7,188203260641.28,11220.999
2018-01-01,1950.0,455903.0,236724797440.0,14112.2,205950573772.8,12277.614000000001
2018-01-02,2137.5,648248.0,228578836480.0,13625.0,198863587737.6,11853.75
2018-01-03,1962.5,694576.0,251311702016.0,14978.2,218641180753.92,13031.034000000001
2018-01-04,2100.0,808680.0,256250429440.0,15270.7,222937873612.8,13285.509
2018-01-05,1787.49999925,691280.0,259747708928.0,15477.2,225980506767.36,13465.164
2018-01-06,2100.0,698765.0,293090852864.0,17462.1,254989041991.68,15192.026999999998
2018-01-07,2025.0,683244.0,294222364672.0,17527.3,255973457264.63998,15248.750999999998
2018-01-08,2075.0,701298.0,276611596288.0,16476.2,240652088770.56,14334.294
2018-01-09,2050.0,712901.0,253935419392.0,15123.7,220923814871.04,13157.619
2018-01-10,2075.0,680181.0,244980531200.0,14588.5,213133062144.0,12691.995
2018-01-11,2412.5,624669.0,251387068416.0,14968.2,218706749521.92,13022.334
2018-01-12,2225.0,575458.0,225986084864.0,13453.9,196607893831.68,11704.893
2018-01-13,1862.5,497578.0,234391027712.0,13952.4,203920194109.44,12138.588
2018-01-14,1937.5,449426.0,241446797312.0,14370.8,210058713661.44,12502.596
2018-01-15,1875.0,514589.0,231334150144.0,13767.3,201260710625.28,11977.551
2018-01-16,1987.5,572078.0,232517451776.0,13836.1,202290183045.12,12037.407000000001
2018-01-17,2087.5,587740.0,192123404288.0,11431.1,167147361730.56,9945.057
2018-01-18,2162.5,581572.0,188241526784.0,11198.8,163770128302.08,9742.956
2018-01-19,2062.5,447880.0,192149700608.0,11429.8,167170239528.96,9943.926
2018-01-20,2225.0,436493.0,195978788864.0,11656.2,170501546311.68,10140.894
2018-01-21,2337.5,397634.0,216740282368.0,12889.2,188564045660.16,11213.604000000001
2018-01-22,2087.5,440476.0,195644588032.0,11633.1,170210791587.84,10120.797
2018-01-23,2212.5,413562.0,184087085056.0,10944.5,160155763998.72,9521.715
2018-01-24,2200.0,433454.0,183418601472.0,10903.4,159574183280.63998,9485.958
2018-01-25,1975.0,407265.0,192162840576.0,11421.7,167181671301.12,9936.879
2018-01-26,1937.5,388804.0,189397811200.0,11256.0,164776095744.0,9792.72
2018-01-27,1962.5,428955.0,188054274048.0,11174.9,163607218421.76,9722.163
2018-01-28,1975.0,380072.0,193133117440.0,11475.3,168025812172.8,9983.510999999999
2018-01-29,1850.0,399726.0,197870944256.0,11755.5,172147721502.72,10227.285
2018-01-30,2087.5,394423.0,190339072000.0,11306.8,165594992640.0,9836.916
2018-01-31,1462.5,361604.0,170183426048.0,10108.2,148059580661.76,8794.134
2018-02-01,2000.0,442685.0,172372410368.0,10237.3,149963997020.16,8906.451
2018-02-02,2100.0,414774.0,153952600064.0,9142.28,133938762055.68,7953.783600000001
2018-02-03,1975.0,332534.0,149085257728.0,8852.12,129704174223.36,7701.344400000001
2018-02-04,2225.0,300607.0,154553286656.0,9175.7,134461359390.72,7982.859
2018-02-05,2312.49999924,370126.0,139324735488.0,8270.54,121212519874.56,7195.3698
2018-02-06,2125.0,456055.0,118809837568.0,7051.75,103364558684.16,6135.0225
2018-02-07,1762.5,366311.0,130683248640.0,7755.49,113694426316.8,6747.2762999999995
2018-02-08,1637.5,296659.0,128714047488.0,7637.86,111981221314.56,6644.9382
2018-02-09,1687.5,354485.0,139411996672.0,8271.84,121288437104.64,7196.5008
2018-02-10,1787.5,313546.0,146981191680.0,8720.08,127873636761.6,7586.469599999999
2018-02-11,1887.5,280973.0,145244585984.0,8616.13,126362789806.08,7496.0331
2018-02-12,2075.0,325002.0,137257820160.0,8141.43,119414303539.2,7083.0441
2018-02-13,2050.0,308786.0,150515712000.0,8926.72,130948669440.0,7766.246399999999
2018-02-14,2237.5,332629.0,145023090688.0,8599.92,126170088898.56,7481.9304
2018-02-15,1637.5,355904.0,160025198592.0,9488.32,139221922775.04,8254.8384
2018-02-16,1962.5,309500.0,170960158720.0,10135.7,148735338086.4,8818.059000000001
2018-02-17,1862.5,293702.0,172191072256.0,10207.5,149806232862.72,8880.525
2018-02-18,2025.0,283478.0,187662860288.0,11123.4,163266688450.56,9677.358
2018-02-19,2025.0,325452.0,178054987776.0,10552.6,154907839365.12,9180.762
2018-02-20,1762.5,336704.0,189535830016.0,11231.8,164896172113.92,9771.666
2018-02-21,2112.5,345916.0,191926796288.0,11372.2,166976312770.56,9893.814
2018-02-22,1862.5,395935.0,179936477184.0,10660.4,156544735150.08,9274.547999999999
2018-02-23,1850.0,316131.0,167745568768.0,9937.07,145938644828.16,8645.2509
2018-02-24,1812.5,272646.0,173682327552.0,10287.7,151103624970.24,8950.299
2018-02-25,2137.5,275153.0,165406720000.0,9796.42,143903846400.0,8522.8854
2018-02-26,1762.5,341349.0,163283419136.0,9669.43,142056574648.32,8412.4041
2018-02-27,2000.0,382900.0,175536128000.0,10393.9,152716431360.0,9042.693
2018-02-28,1937.49999927,372546.0,180509966336.0,10687.2,157043670712.32,9297.864000000001
2018-03-01,2062.5,403191.0,175427076096.0,10385.0,152621556203.52,9034.95
2018-03-02,1950.0,429514.0,185456082944.0,10977.4,161346792161.28,9550.338
2018-03-03,2250.0,342737.0,187581399040.0,11101.9,163195817164.8,9658.653
2018-03-04,1850.0,296156.0,194289254400.0,11497.4,169031651328.0,10002.738
2018-03-05,1862.5,342185.0,194902605824.0,11532.4,169565267066.88,10033.188
2018-03-06,1950.0,341783.0,194378252288.0,11500.1,169109079490.56,10005.087
2018-03-07,1962.5,368216.0,182630825984.0,10803.9,158888818606.08,9399.393
2018-03-08,2025.0,332688.0,168240807936.0,9951.44,146369502904.32,8657.7528
2018-03-09,1825.0,384354.0,159184977920.0,9414.69,138490930790.4,8190.7803
2018-03-10,1750.0,260548.0,158118674432.0,9350.59,137563246755.84,8135.0133000000005
2018-03-11,1912.5,259150.0,149716271104.0,8852.78,130253155860.48,7701.918600000001
2018-03-12,2012.5,328797.0,162420637696.0,9602.93,141305954795.52,8354.5491
2018-03-13,1975.0,320040.0,155168309248.0,9173.04,134996429045.76,7980.544800000001
2018-03-14,1800.0,315241.0,155890532352.0,9214.65,135624763146.24,8016.7455
2018-03-15,1800.0,352627.0,140275318784.0,8290.76,122039527342.08,7212.9612
2018-03-16,1950.0,354309.0,140833898496.0,8322.91,122525491691.52,7240.9317
2018-03-17,1862.5,266988.0,140833521664.0,8321.91,122525163847.68,7240.0617
2018-03-18,1887.5,291065.0,133547311104.0,7890.52,116186160660.48,6864.7524
2018-03-19,1937.5,316841.0,141240451072.0,8344.12,122879192432.64,7259.384400000001
2018-03-20,1587.5,310955.0,145921605632.0,8619.67,126951796899.84,7499.1129
2018-03-21,1900.0,314321.0,151315972096.0,8937.48,131644895723.52,7775.607599999999
2018-03-22,1787.5,316385.0,151365943296.0,8939.44,131688370667.52,7777.312800000001
2018-03-23,1662.49999856,327732.0,147940982784.0,8736.25,128708655022.08,7600.5375
2018-03-24,1950.0,269616.0,150761701376.0,8901.95,131162680197.12,7744.696500000001
2018-03-25,1687.5,238637.0,145881972736.0,8612.81,126917316280.31999,7493.1447
2018-03-26,1875.0,312810.0,143959785472.0,8498.47,125245013360.64,7393.6689
2018-03-27,1900.0,311228.0,138918920192.0,8200.0,120859460567.04,7134.0
2018-03-28,1687.5,295052.0,132781244416.0,7836.83,115519682641.92,6818.0421
2018-03-29,1900.0,325846.0,135204954112.0,7979.07,117628310077.44,6941.7909
2018-03-30,2025.0,357118.0,121533513728.0,7171.45,105734156943.36,6239.1615
2018-03-31,1600.0,248517.0,116819845120.0,6892.48,101633265254.4,5996.4576
2018-04-01,2025.0,242466.0,118705192960.0,7003.06,103273517875.2,6092.662200000001
2018-04-02,1950.0,288495.0,116037476352.0,6844.86,100952604426.24,5955.0282
2018-04-03,2037.5,328441.0,120414863360.0,7102.26,104760931123.2,6178.9662
2018-04-04,1837.5,329626.0,126434361344.0,7456.41,109997894369.28,6487.0767
2018-04-05,1950.0,297645.0,116141531136.0,6848.65,101043132088.31999,5958.3255
2018-04-06,1725.0,377430.0,115600564224.0,6815.96,100572490874.88,5929.8852
2018-04-07,2250.0,246616.0,112466558976.0,6630.51,97845906309.12,5768.5437
2018-04-08,2012.5,239498.0,117392195584.0,6919.98,102131210158.08,6020.3826
2018-04-09,1837.5,288689.0,119515766784.0,7044.32,103978717102.08,6128.5584
2018-04-10,2050.0,320440.0,115305570304.0,6795.44,100315846164.48,5912.0328
2018-04-11,2012.5,295213.0,116126228480.0,6843.47,101029818777.6,5953.8189
2018-04-12,1925.0,335325.0,118047571968.0,6955.38,102701387612.16,6051.1806
2018-04-13,2062.5,389963.0,134113542144.0,7901.09,116678781665.28,6873.9483
2018-04-14,1712.5,274869.0,133681594368.0,7874.67,116302987100.16,6850.9629
2018-04-15,2037.5,306125.0,135811555328.0,7999.33,118156053135.36,6959.4171
2018-04-16,1762.5,323438.0,141570850816.0,8337.57,123166640209.92,7253.6858999999995
2018-04-17,2025.0,349414.0,137069985792.0,8071.66,119250887639.04,7022.3442
2018-04-18,2000.0,349333.0,134925754368.0,7944.43,117385406300.16,6911.654100000001
2018-04-19,2225.0,385813.0,138590552064.0,8159.27,120573780295.68,7098.5649
2018-04-20,1712.5,404046.0,140776603648.0,8286.88,122475645173.76,7209.585599999999
2018-04-21,1987.5,332170.0,150337388544.0,8848.79,130793528033.28,7698.447300000001
2018-04-22,2000.0,305619.0,151650992128.0,8925.06,131936363151.36,7764.802199999999
2018-04-23,1912.5,379467.0,149448441856.0,8794.39,130020144414.72,7651.119299999999
2018-04-24,1987.5,420483.0,151843831808.0,8934.34,132104133672.96,7772.8758
2018-04-25,1537.5,367957.0,164893310976.0,9701.03,143457180549.12,8439.8961
2018-04-26,1762.5,374399.0,150736044032.0,8867.32,131140358307.84,7714.5684
2018-04-27,1775.0,398889.0,157948411904.0,9290.63,137415118356.48,8082.848099999999
2018-04-28,1600.0,356818.0,151990501376.0,8939.27,132231736197.12,7777.164900000001
2018-04-29,1975.0,331064.0,158927945728.0,9346.41,138267312783.36,8131.3767
2018-04-30,1937.5,365142.0,160301858816.0,9426.11,139462617169.92,8200.7157
2018-05-01,1975.0,382675.0,157349511168.0,9251.47,136894074716.16,8048.778899999999
2018-05-02,1750.0,355152.0,154868940800.0,9104.6,134735978496.0,7921.002
2018-05-03,1887.5,382920.0,157086744576.0,9233.97,136665467781.12,8033.553899999999
2018-05-04,1725.0,395233.0,164955684864.0,9695.5,143511445831.68,8435.085
2018-05-05,2012.5,347986.0,165054595072.0,9700.28,143597497712.63998,8439.2436
2018-05-06,1712.5,298239.0,167541391360.0,9845.31,145761010483.2,8565.4197
2018-05-07,1875.0,341955.0,164161159168.0,9645.67,142820208476.16,8391.7329
2018-05-08,1737.49999926,374324.0,159671926784.0,9380.87,138914576302.08,8161.356900000001
2018-05-09,2000.0,348840.0,157013377024.0,9223.73,136601638010.88,8024.6451
2018-05-10,1925.0,354923.0,158772150272.0,9325.96,138131770736.63998,8113.5851999999995
2018-05-11,1587.5,405291.0,154142113792.0,9052.96,134103638999.04,7876.075199999999
2018-05-12,2062.5,342910.0,143743025152.0,8441.44,125056431882.24,7344.0528
2018-05-13,1850.0,277402.0,145021599744.0,8515.49,126168791777.28,7408.476299999999
2018-05-14,1650.0,360717.0,148403159040.0,8713.1,129110748364.8,7580.397
2018-05-15,1825.0,363050.0,148282703872.0,8705.19,129005952368.64,7573.5153
2018-05-16,2237.5,345311.0,144877961216.0,8504.41,126043826257.92,7398.8367
2018-05-17,1650.0,316167.0,142608318464.0,8370.05,124069237063.68,7281.943499999999
2018-05-18,1850.0,391406.0,137881419776.0,8091.83,119956835205.12,7039.8921
2018-05-19,1925.0,286108.0,140688801792.0,8255.73,122399257559.04,7182.4851
2018-05-20,1800.0,281220.0,140555894784.0,8246.99,122283628462.08,7174.8813
2018-05-21,1962.5,334313.0,145264312320.0,8522.33,126379951718.4,7414.4271
2018-05-22,1887.5,327021.0,143533998080.0,8419.87,124874578329.6,7325.286900000001
2018-05-23,2025.0,364663.0,137023922176.0,8037.08,119210812293.12,6992.2596
2018-05-24,1787.5,337988.0,128924786688.0,7561.12,112164564418.56,6578.1744
2018-05-25,2200.0,364320.0,129469906944.0,7592.3,112638819041.28,6605.301
2018-05-26,2025.0,275434.0,127681822720.0,7486.48,111083185766.4,6513.2375999999995
2018-05-27,2049.9999993,259330.0,125574873088.0,7362.08,109250139586.56,6405.0096
2018-05-28,1950.0,313132.0,125747650560.0,7371.31,109400455987.2,6413.0397
2018-05-29,1737.5,335112.0,121636012032.0,7129.46,105823330467.84,6202.6302
2018-05-30,2175.0,335898.0,127453937664.0,7469.73,110884925767.68,6498.665099999999
2018-05-31,2125.0,343836.0,126385594368.0,7406.15,109955467100.16,6443.3505
2018-06-01,2075.0,447360.0,128014475264.0,7500.7,111372593479.68,6525.6089999999995
2018-06-02,1900.0,295695.0,128645062656.0,7536.72,111921204510.72,6556.9464
2018-06-03,2037.5,285966.0,130287656960.0,7632.09,113350261555.2,6639.9183
2018-06-04,2287.5,341314.0,131847151616.0,7722.53,114707021905.92,6718.6011
2018-06-05,2187.5,348466.0,128080510976.0,7500.9,111430044549.12,6525.782999999999
2018-06-06,1837.49999923,346669.0,130232893440.0,7625.97,113302617292.8,6634.5939
2018-06-07,1787.5,329925.0,130671083520.0,7650.82,113683842662.4,6656.2134
2018-06-08,1806.25,378684.0,131270959104.0,7685.14,114205734420.48,6686.071800000001
2018-06-09,1787.49999929,282421.0,130386051072.0,7632.52,113435864432.64,6640.2924
2018-06-10,1587.5,307675.0,128128073728.0,7499.55,111471424143.36,6524.6085
2018-06-11,1749.99999927,343971.0,116175110144.0,6799.29,101072345825.28,5915.3823
2018-06-12,1812.5,340711.0,118007037952.0,6905.82,102666123018.24,6008.0634
2018-06-13,1787.4999992,355490.0,112740089856.0,6596.88,98083878174.72,5739.2856
2018-06-14,1912.49999924,335212.0,108408373248.0,6342.75,94315284725.76,5518.1925
2018-06-15,1912.49999854,377094.0,114084323328.0,6674.08,99253361295.36,5806.4496
2018-06-16,2075.0,264540.0,110359371776.0,6455.45,96012653445.12,5616.2415
2018-06-17,1962.49999924,252845.0,111912886272.0,6545.53,97364211056.64,5694.6111
2018-06-18,2050.0,322249.0,111319474176.0,6510.07,96847942533.12,5663.760899999999
2018-06-19,1937.49999926,316994.0,115305701376.0,6742.39,100315960197.12,5865.8793000000005
2018-06-20,1937.49999921,325100.0,115803979776.0,6770.76,100749462405.12,5890.5612
2018-06-21,2124.99999927,322510.0,115976970240.0,6780.09,100899964108.8,5898.6783000000005
2018-06-22,1887.5,373827.0,115268878336.0,6737.88,100283924152.31999,5861.9556
2018-06-23,2000.0,288670.0,104198422528.0,6090.1,90652627599.36,5298.387000000001
2018-06-24,2137.49999928,273997.0,105480101888.0,6164.28,91767688642.56,5362.9236
2018-06-25,1962.5,315301.0,105625010176.0,6171.97,91893758853.12,5369.6139
2018-06-26,1825.0,311474.0,107033337856.0,6253.55,93119003934.72,5440.5885
2018-06-27,1512.5,300383.0,104149196800.0,6084.4,90609801216.0,5293.428
2018-06-28,1962.5,300659.0,105335562240.0,6153.16,91641939148.8,5353.2492
2018-06-29,1887.5,355271.0,100981440512.0,5898.13,87853853245.44,5131.3731
2018-06-30,1762.49999926,277981.0,106404847616.0,6214.22,92572217425.92,5406.3714
2018-07-01,1837.49999923,269207.0,109797138432.0,6411.68,95523510435.84,5578.1616
2018-07-02,1762.5,336826.0,109272858624.0,6380.38,95067387002.88,5550.9306
2018-07-03,1449.99999922,344382.0,112988749824.0,6596.66,98300212346.88,5739.0942
2018-07-04,1674.99994556,336379.0,112213950464.0,6550.87,97626136903.68,5699.2569
2018-07-05,1712.49999927,319874.0,113061527552.0,6599.71,98363528970.24,5741.7477
2018-07-06,1999.99994622,432381.0,113740677120.0,6638.69,98954389094.4,5775.6603
2018-07-07,1950.0,277763.0,114268422144.0,6668.71,99413527265.28,5801.7777
2018-07-08,1975.0,274916.0,117521514496.0,6857.8,102243717611.52,5966.286
2018-07-09,1699.99999921,322535.0,116117585920.0,6775.08,101022299750.4,5894.3196
2018-07-10,1862.49994597,339389.0,115514351616.0,6739.21,100497485905.92,5863.1127
2018-07-11,1687.5,313756.0,108525068288.0,6330.77,94416809410.56,5507.7699
2018-07-12,1762.5,304588.0,109667352576.0,6396.78,95410596741.12,5565.1986
2018-07-13,1787.5,371436.0,106905509888.0,6235.03,93007793602.56,5424.4761
2018-07-14,1662.5,277214.0,107130486784.0,6247.5,93203523502.08,5435.325
2018-07-15,1662.5,265588.0,107572805632.0,6272.7,93588340899.84,5457.249
2018-07-16,1500.0,328693.0,109029466112.0,6357.01,94855635517.44,5530.5987000000005
2018-07-17,1987.5,369601.0,115602178048.0,6739.65,100573894901.76,5863.4955
2018-07-18,2174.99999853,377654.0,125490839552.0,7315.32,109177030410.24,6364.328399999999
2018-07-19,2137.4999993,356263.0,126585470976.0,7378.2,110129359749.12,6419.034
2018-07-20,1925.0,390930.0,128131997696.0,7467.4,111474837995.52,6496.638
2018-07-21,1712.5,298834.0,126178377728.0,7352.72,109775188623.36,6396.8664
2018-07-22,2275.0,280340.0,127307890688.0,7417.8,110757864898.56,6453.486
2018-07-23,2075.0,356168.0,127271731200.0,7414.71,110726406144.0,6450.7977
2018-07-24,1987.49999924,406479.0,132468064256.0,7716.51,115247215902.72,6713.3637
2018-07-25,2212.49999928,409243.0,143869018112.0,8379.66,125166045757.44,7290.3042
2018-07-26,2062.5,371182.0,140404998144.0,8176.85,122152348385.28,7113.8595000000005
2018-07-27,2087.49999847,418484.0,136532811776.0,7950.4,118783546245.12,6916.848
2018-07-28,1812.49999927,305235.0,140305137664.0,8169.06,122065469767.68,7107.082200000001
2018-07-29,2124.99989145,301795.0,140951371776.0,8205.82,122627693445.12,7139.0634
2018-07-30,1675.0,367965.0,141239444979.0,8221.58,122878317131.73,7152.7746
2018-07-31,1837.49999922,392240.0,140559547538.0,8181.2,122286806358.06,7117.644
2018-08-01,1874.99999844,377686.0,133492645169.0,7769.04,116138601297.03,6759.0648
2018-08-02,1912.49999851,358896.0,131189721712.0,7634.19,114135057889.44,6641.7453
2018-08-03,2075.0,436035.0,129965898111.0,7562.14,113070331356.56999,6579.0618
2018-08-04,2200.0,333559.0,127859350021.0,7438.67,111237634518.27,6471.6429
2018-08-05,2000.0,297092.0,120869247490.0,7031.08,105156245316.3,6117.0396
2018-08-06,1637.49999921,349815.0,121430864537.0,7062.94,105644852147.19,6144.757799999999
2018-08-07,1887.5,365984.0,119643646094.0,6958.32,104089972101.78,6053.738399999999
2018-08-08,1962.49999852,390751.0,116020470612.0,6746.85,100937809432.44,5869.7595
2018-08-09,1862.5,360943.0,108444366975.0,6305.56,94346599268.25,5485.8372
2018-08-10,2199.99999927,417084.0,113028788092.0,6571.42,98335045640.04,5717.1354
2018-08-11,2125.0,308729.0,106409456302.0,6185.79,92576226982.74,5381.6373
2018-08-12,1937.49999926,283875.0,108106451582.0,6283.65,94052612876.34,5466.7755
2018-08-13,1874.99999924,355002.0,109111523954.0,6341.36,94927025839.98,5516.9832
2018-08-14,1700.0,393307.0,108199097492.0,6287.66,94133214818.04,5470.2642
2018-08-15,2012.49999922,417302.0,107070056730.0,6221.42,93150949355.1,5412.6354
2018-08-16,1975.0,362609.0,108335763931.0,6294.23,94252114619.97,5475.9801
2018-08-17,1900.0,399526.0,109151601195.0,6340.91,94961893039.65,5516.5917
2018-08-18,2000.0,308597.0,113338906417.0,6583.43,98604848582.79,5727.5841
2018-08-19,1812.49999844,316565.0,110582598384.0,6422.57,96206860594.08,5587.635899999999
2018-08-20,1875.0,349379.0,111936076638.0,6500.51,97384386675.06,5655.4437
2018-08-21,1849.99999932,340058.0,108513649180.0,6301.07,94406874786.6,5481.930899999999
2018-08-22,1999.9999985,369529.0,111714827567.0,6486.25,97191899983.29,5643.0375
2018-08-23,1862.49999927,338921.0,109748424726.0,6371.34,95481129511.62,5543.0658
2018-08-24,1825.0,382945.0,112864138781.0,6551.52,98191800739.47,5699.8224
2018-08-25,1687.5,319211.0,115778181501.0,6719.95,100727017905.87,5846.3565
2018-08-26,2162.49999858,283228.0,116387236698.0,6754.64,101256895927.26,5876.5368
2018-08-27,2312.49999927,351392.0,115646248487.0,6710.8,100612236183.69,5838.396
2018-08-28,1912.5,368006.0,118768797345.0,6891.08,103328853690.15,5995.2396
2018-08-29,1737.5,388150.0,122240446825.0,7091.71,106349188737.75,6169.7877
2018-08-30,1924.99999924,347470.0,121426092460.0,7043.76,105640700440.2,6128.0712
2018-08-31,1937.49999844,394845.0,120236411575.0,6973.97,104605678070.25,6067.3539
2018-09-01,1887.5,338890.0,121471295533.0,7044.81,105680027113.71,6128.9847
2018-09-02,1799.99999923,294192.0,123981305470.0,7189.58,107863735758.9,6254.9346
2018-09-03,1799.99999924,341989.0,125536575445.0,7279.03,109216820637.15,6332.7561
2018-09-04,1575.0,354519.0,125273528713.0,7263.0,108987969980.31,6318.81
2018-09-05,1649.99999697,373480.0,126983440721.0,7361.46,110475593427.27,6404.4702
2018-09-06,1874.99999921,379621.0,116535447253.0,6755.14,101385839110.11,5876.9718
2018-09-07,1900.0,429552.0,112645200318.0,6528.92,98001324276.66,5680.1604
2018-09-08,1875.0,317533.0,111471362532.0,6460.17,96980085402.84,5620.3479
2018-09-09,2037.5,295698.0,107397286192.0,6223.38,93435638987.04,5414.3406
2018-09-10,1687.5,342312.0,108759350260.0,6301.57,94620634726.2,5482.3659
2018-09-11,1762.5,356798.0,109293238395.0,6331.88,95085117403.65,5508.7356
2018-09-12,2099.99999931,346528.0,109047547377.0,6317.01,94871366217.99,5495.7987
2018-09-13,1849.9999992,350225.0,109703600477.0,6354.24,95442132414.99,5528.1888
2018-09-14,1650.0,367077.0,112498115992.0,6515.41,97873360913.04,5668.4067
2018-09-15,1750.0,326120.0,112405369809.0,6509.4,97792671733.83,5663.178
2018-09-16,1737.49999922,280923.0,112887643665.0,6536.68,98212249988.55,5686.9116
2018-09-17,1687.5,362187.0,112508446995.0,6514.06,97882348885.65,5667.2322
2018-09-18,1775.0,356406.0,108492112339.0,6280.91,94388137734.93,5464.3917
2018-09-19,1950.0,355575.0,110074137715.0,6371.85,95764499812.05,5543.5095
2018-09-20,1925.0,364640.0,110553109981.0,6398.85,96181205683.47,5566.9995
2018-09-21,1799.99999927,436008.0,112552829858.0,6513.87,97920961976.46,5667.0669
2018-09-22,1937.49999923,333446.0,116386818047.0,6735.05,101256531700.89,5859.4935000000005
2018-09-23,1875.0,298092.0,116058736872.0,6715.32,100971101078.64,5842.328399999999
2018-09-24,1850.0,343175.0,115889159338.0,6704.77,100823568624.06,5833.1499
2018-09-25,2112.5,364132.0,114153287747.0,6603.64,99313360339.89,5745.1668
2018-09-26,1737.5,350095.0,111559240252.0,6452.79,97056539019.24,5613.9273
2018-09-27,1787.5,355229.0,112305283440.0,6495.29,97705596592.8,5650.9023
2018-09-28,1925.0,400405.0,115489513453.0,6678.75,100475876704.11,5810.5125
2018-09-29,1900.0,321741.0,114885697090.0,6643.1,99950556468.3,5779.497
2018-09-30,2037.5,308326.0,114234369232.0,6604.71,99383901231.84,5746.0977
2018-10-01,1975.0,360525.0,114509724600.0,6619.85,99623460402.0,5759.2695
2018-10-02,1712.5,359131.0,114062551875.0,6593.24,99234420131.25,5736.1188
